name,artist,spotify_uri
Camino Soria,Gabinete Caligari,spotify:track:2FvPv24lY3WamOKeGM6jEQ
Cuatro rosas,Gabinete Caligari,spotify:track:6oKFZQqYHYO1GSWzb1EDfP
Cadillac solitario,Loquillo Y Los Trogloditas,spotify:track:3GHgLIY5drnms1MPKcMlmi
La mataré,Loquillo Y Los Trogloditas,spotify:track:0kGEwM9SuACvojllsFMpAR
Veneno en la Piel,Radio Futura,spotify:track:3RDMd9JiKdVik8zjGhZ0wJ
Lobo-hombre en París,La Unión,spotify:track:2hConpLOB6gmyM8vDkVOof
El calor del amor en un bar,Gabinete Caligari,spotify:track:0AFJOoRQFlo10Vm1p6BRjg
Cien gaviotas,Duncan Dhu,spotify:track:020Gj87SqDRvzGHELzcCEc
El rompeolas,Loquillo Y Los Trogloditas,spotify:track:4620s2Uh7ipo6sOaIyZJdA
Aquí no hay playa,The Refrescos,spotify:track:4Mh8Zv20DcJum1GKBlTFz8
Far L'Amore,Bob Sinclar,spotify:track:0VO00w9RPmgmn8HjClosOV
Bamboléo,Gipsy Kings,spotify:track:3iB8eciGU9vZkaDYkz7Ir9
