name,artist,album,spotify_uri
Music for 18 Musicians,"Steve Reich, Steve Reich Ensemble",Reich: Music for 18 Musicians,spotify:track:6DfT97NBB9xy0J40eJEU1j
21st Century Schizoid Man - Including "Mirrors",King Crimson,In The Court Of The Crimson King,spotify:track:2MfrET7Nc3StKQcGoZKqr9
Breadcrumb Trail,Slint,Spiderland,spotify:track:7K8mX41Nub7AzBt1RwwE6d
Good Morning Captain,Slint,Spiderland,spotify:track:1BNZMXjqqULiV0DmFU1B8S
Delivering the Groceries at 138 Beats per Minute,Don Caballero,What Burns Never Returns,spotify:track:2Th8k20AHL4tdxe6Pvstga
The Peter Criss Jazz,Don Caballero,American Don,spotify:track:1gIDp1u5gR2vBbPIbCJOW1
Never Meant,American Football,American Football,spotify:track:6kZqCqD1r08sJAQ1TjuEpM
Stay Home,American Football,American Football,spotify:track:2EVDo3nsKqtqUwcnIA7FsJ
Schism,TOOL,Lateralus,spotify:track:55mJleti2WfWEFNFcBduhc
Paranoid Android,Radiohead,OK Computer,spotify:track:6LgJvl0Xdtc73RJ1mmpotq
Goodbye,toe,I Am Shark: Confessions Under Water Vol. 3,spotify:track:2pl1Yo26URVBFQRrJXvyuX
two moons,toe,For Long Tomorrow,spotify:track:6qcUFIPZU2sJXiI1sqzwZG
MELON SODA,tricot,3,spotify:track:4tGffTZeqT9dkZxB9xUkQG
Infinite Mirror,LITE,Phantasia,spotify:track:6T6NFhYQFhf8XSGJlI6Pqs
Mata Zyklek,Angine de Poitrine,Mata Zyklek,spotify:track:5vAwtTz0syQ1Q86R1B3faz
